n_estimators,max_depth,min_samples_split,train_acc,test_acc,precision,recall,f1
200,15.0,12,81.57546887470072,73.43009626415282,20.184748427672954,44.788486698648065,27.828207559951224
100,15.0,12,81.02927972865123,72.85650157115067,19.86602870813397,45.26820758831225,27.613727055067837
300,15.0,12,81.70266360734237,73.39019402463963,20.023649980291683,44.308765808983864,27.582462332021173
50,15.0,12,80.37709497206704,72.52730809516684,19.721228103220945,45.660706498037506,27.545382794001576
100,10.0,10,67.81474461292896,65.05062596638236,18.01899592944369,57.91539467945922,27.486287902307772
50,15.0,2,84.14430367118915,74.53738341064393,20.37505267593763,42.17182730047972,27.47549367807927
200,10.0,10,68.30606544293694,65.63918399920196,18.09219661205221,56.825119930222414,27.446024223275405
300,10.0,5,69.19393455706306,66.12798643323856,18.162514156285393,55.95290013083297,27.42331943999145
100,10.0,12,67.75987629688747,64.8810414484513,17.936250675310642,57.91539467945922,27.38991440651748
100,10.0,5,69.32736432561852,66.30255873110879,18.15327529613244,55.47317924116878,27.35483870967742
200,10.0,12,68.22500997605746,65.39478278218365,17.996417252308117,56.95595290013083,27.350785340314136
300,10.0,10,68.59412410215484,65.6541473390194,18.02867882500348,56.476232010466646,27.332207682566484
100,15.0,2,84.94114126097367,74.99625916504564,20.46046915725456,41.081552551242915,27.31622444541105
300,10.0,2,69.33983439744613,66.06813307396877,18.086611944523067,55.7348451809856,27.310610107917512
200,10.0,5,69.15153631284916,66.1629008928126,18.099161812757494,55.56040122110771,27.30390055722246
300,15.0,10,82.31619114126097,73.72437528056263,19.955564532417693,43.08765808983864,27.277747101049144
300,10.0,12,68.48314046288907,65.68407401865429,17.99023028611305,56.21456607064981,27.257348276591248
200,15.0,5,84.52464086193136,74.88154022644521,20.371570533592568,41.12516354121239,27.246460560531638
200,15.0,2,85.71054469273743,75.50002493889968,20.619250617006955,40.07849978194505,27.22962962962963
300,15.0,5,84.71169193934557,75.01122250486308,20.4094968416467,40.86349760139555,27.222545031958163
100,10.0,2,68.63776935355148,65.49453838096663,17.90423317140874,56.258177060619275,27.16361339229311
200,15.0,10,82.0892358339984,73.43009626415282,19.780876494023904,43.305713039686,27.157117462053876
200,10.0,2,69.16899441340783,65.76387849768068,17.94080516201431,55.77845617095508,27.149225217575886
50,10.0,5,69.64036312849163,66.4272532295875,18.053556003455228,54.68818142171828,27.145794999458815
50,10.0,12,68.0429469273743,65.00573594693002,17.743477666985385,56.65067597034452,27.023091325150823
50,10.0,10,67.49301675977654,65.05062596638236,17.738844785108128,56.51984300043611,27.00281279299927
300,15.0,2,85.84522146847566,75.61973165743927,20.53145582557347,39.424334932402964,27.001194743130224
100,15.0,10,81.605397047087,72.96124494987282,19.512670565302145,43.65460095944178,26.970227670753065
50,15.0,10,81.24875299281724,72.84652601127239,19.472970354582444,43.82904491931967,26.965387711295946
50,15.0,5,83.72406225059856,74.14334879545115,19.86658328121743,41.56127344090711,26.88293370944993
100,15.0,5,84.1393156424581,74.40770113222605,19.89817564700891,40.907108591365024,26.77322677322677
50,10.0,2,69.3697625698324,66.15791311287346,17.776183644189384,54.03401657217619,26.751592356687897
300,5.0,2,63.21952314445332,63.02059953114869,17.13515594917212,58.220671609245535,26.477588258627527
300,5.0,5,62.97261572226655,62.76123497431293,17.09706144256456,58.61317051897078,26.47232617687611
300,5.0,10,62.96887470071828,62.671454935408256,17.066362136784672,58.65678150894025,26.439944957735406
100,5.0,12,62.185754189944134,61.89336126490099,16.94076913564981,59.747056258177054,26.39691714836224
100,5.0,2,61.98748004788508,61.73874008678737,16.908688161457054,59.921500218054945,26.37489202418658
300,5.0,12,62.83419792498005,62.58167489650357,17.01076630778974,58.56955952900131,26.364350215940323
100,5.0,5,62.02364325618516,61.75869120654397,16.90071446169007,59.834278238116,26.356738065507635
200,5.0,10,62.69702713487629,62.36221257918101,16.974726518294982,58.87483645878761,26.351747023228576
100,5.0,10,61.98623304070231,61.67888672751758,16.875614552605704,59.87788922808548,26.330424777063953
200,5.0,5,62.78805865921788,62.44700483814653,16.96946757506939,58.65678150894025,26.32351502103924
50,5.0,10,64.46777733439745,64.14285001745723,17.19378182792817,55.95290013083297,26.30445925166581
200,5.0,2,63.06115323224262,62.676442715347406,16.984732824427482,58.220671609245535,26.297646015955877
200,5.0,12,62.674581005586596,62.32231033966782,16.93274670018856,58.744003488879194,26.288056206088996
50,5.0,12,64.73463687150837,64.44710459374532,17.21144717211447,55.342346271260354,26.256983240223462
50,5.0,5,64.5625498802873,64.17776447703127,17.130563399220115,55.56040122110771,26.187050359712234
50,5.0,2,64.50269353551477,64.07302109830914,17.108788853161844,55.691234191016136,26.176078712719075
100,,12,98.19932162809258,85.33592697890168,28.186109238031023,18.229393807239425,22.139830508474574
50,,12,97.77658619313647,84.54785774851614,25.825825825825827,18.75272568687309,21.728145528044468
200,,12,98.33898643256185,85.39578033817148,28.027681660899656,17.662450937636283,21.669341894060995
300,,12,98.4275239425379,85.48057259713701,28.23943661971831,17.488006977758396,21.599784540802585
100,,10,98.77045091779728,85.67010823482468,28.390461997019372,16.615787178368947,20.96286107290234
50,,10,98.48738028731046,85.0416479624919,26.180836707152494,16.921064108155253,20.556291390728475
300,,10,98.95874900239426,86.22375180807023,29.974380871050382,15.30745747928478,20.265588914549653
200,,10,98.93630287310455,86.0591550700783,29.013377926421402,15.13301351940689,19.891086271137862
50,,5,99.74436352753392,87.31607561474388,33.59580052493438,11.164413432184912,16.759410801963995
100,,5,99.81170191540303,87.53553793206643,34.672619047619044,10.161360662887049,15.716694772344015
300,,5,99.85285315243416,87.81485360865878,36.607142857142854,8.940252943741823,14.370837714686296
200,,5,99.8353950518755,87.75998802932816,35.80246913580247,8.853030963802878,14.195804195804197
50,,2,99.98503591380687,88.18893710409496,38.24451410658307,5.320540776275622,9.341500765696784
100,,2,99.9962589784517,88.19392488403412,35.87786259541985,4.099433057130398,7.35812133072407
300,,2,99.99501197126895,88.26874158312135,37.75933609958506,3.96860008722198,7.18232044198895
200,,2,99.99501197126895,88.28869270287795,37.99126637554585,3.794156127344091,6.89928628072958
